,KO_Gene,variable,Percent Upregulated,boot_upreg,SE,p-value
0,CMTR1,Paralogs,0.0,,,1.0
1,WDR7,Paralogs,0.35714285714285715,,,0.233
2,CMTR1,Bootstrapped Genes,0.524,0.524,0.015801065586651862,1.0
3,WDR7,Bootstrapped Genes,0.2806800000000003,0.2806800000000003,0.002593195376801035,0.233
